123456789,Ally,F,1971-10-27,Daughter
888665545,JacK,M,1972-11-22,Son
333445555,Renee,F,1972-12-15,Spouse
990110110,Lynn,F,1973-07-30,Spouse
666666603,Orlando,M,1973-12-27,Son
666884344,Elisa,F,1976-01-06,Daughter
453453553,Ismael,F,1976-10-19,Spouse
987987587,Dwayne,M,1981-03-19,Son
666884444,Alton,F,1981-03-25,Daughter
984439922,Tasha,F,1982-03-10,Spouse
444444444,Cyn,M,1987-06-09,Son
432765098,Grady,F,1986-05-14,Spouse
222225201,Dean,M,1982-10-21,Son
511111102,Kirk,F,1987-12-02,Daughter
111111401,Viola,F,1990-10-29,Daughter
666636601,Rosan,M,1992-06-17,Son
666665602,Clifton,F,1990-11-21,Spouse
663666603,Jean,F,1988-01-27,Daughter
666666608,Tom,M,1993-01-21,Son
666666603,Mercedes,F,1994-03-16,Daughter
666666603,Roxanne,F,1996-05-09,Spouse
987987587,Sylvia,F,1997-01-16,Daughter
222225201,Bailey,F,1997-02-24,Daughter
987987587,Nathy,F,1998-03-23,Spouse
666666603,Regy,F,1999-02-25,Daughter
