x,B,Stones,123456789,1966-01-09,731 Fonden Houston TX,M,30000,NULL,1
James,E,Wan,888665545,1936-11-10,450 Stoner Houston TX,M,55000,NULL,4
Franklin,T,Roosevlt,333445555,1975-12-08,638 Ross Houston TX,M,40000,NULL,5
Alicia,J,Fox,990110110,1965-01-19,3321 Cast Spring Dallas TX,F,25000,NULL,12
Jennifer,S,Lawrence,666666603,1948-06-20,291 Barry Bellaire TX,F,43000,NULL,3
Ramesh,L,Kannan,666884344,1966-09-15,975 Fire Pak Sacramento CA,M,38000,888665545,4
Kim,B,Clijsters,453453553,1978-07-31,5631 Rise Houston TX,F,25000,990110110,12
Ahmad,V,Jabbar,987987587,1965-03-29,980 Dals Houston TX,M,25000,123456789,1
Phil,M,Jones,666884444,1985-07-20,089 Las Colinas Dallas TX,M,23000,666666603,3
Wilson,C,Fisk,984439922,1977-08-15,848 Mitchell Dallas TX,M,40000,333445555,5
Andy,C,Samberg,444444444,1974-06-21,967 Jord Milwaukee WI,M,53000,888665545,4
Brad,Y,Pitt,432765098,1978-02-13,176 Mail St Atlanta GA,M,44000,333445555,5
Virat,K,Kohli,222225201,1984-05-22,266 McGrudy Milwaukee WI,M,56000,888665545,4
Justin,L,Timberlake,511111102,1956-01-12,2342 Mayil Atlanta GA,M,40000,123456789,1
Jon,C,Jones,111111401,1967-11-14,111 Allgod Atlanta GA,M,45000,666666603,3
Jane,J,Harvey,666636601,1976-01-14,234 Linn Chicago IL,F,36000,990110110,12
Billie,W,King,666665602,1946-04-16,976 Boon Trace Chicago IL,F,44000,123456789,1
Samuel,L,Jackson,663666603,1973-06-09,417 Hancoc Ave Chicago IL,M,41000,333445555,5
Andy,G,Samberg,666666608,1980-01-11,433 Man Street Miami FL,M,37000,666666603,3
Red,A,Bacher,666666600,1960-05-21,196 Elm Pike Miami FL,M,33500,990110110,12
